titulo,categoria,telefono,direccion,ciudad,rating,cantidad_reviews,url,dominio,place_id,emails,tiene_web_propia,es_cadena,fecha_extraccion
Wine Window Argentina (Palermo Soho),Wine bar,+549117227-1002,"Gorriti 4882, C1414 Cdad. Autónoma de Buenos Aires",Buenos Aires,5.0,251,https://www.wine-window.com/,www.wine-window.com,ChIJMTW6XOy1vJURhwA8tpXWV0M,"hello@miramontewinery.com, info@wine-window.com",True,False,2025-10-20T19:58:42.276958
Casa Jaguar Sports Bar,Sports bar,,"Venezuela 649, C1095 Cdad. Autónoma de Buenos Aires",Buenos Aires,4.9,516,https://www.viajerohostels.com/es/destinos-argentina/buenos-aires/,www.viajerohostels.com,ChIJf3s_TWzLvJURQR0CWUV_4Uk,"buenosaires@viajerohostels.com, marketing@viajerohostels.com",True,False,2025-10-20T19:58:59.506658
Pujol - Taller de Murga Uruguaya,Cultural center,+549112236-4469,"Carlos Calvo 3619, C1230ABK Cdad. Autónoma de Buenos Aires",Buenos Aires,4.9,308,http://www.tapcc.com.ar/,www.tapcc.com.ar,ChIJcxGffhDKvJURMW3cu0RYWQY,consultas.tap@gmail.com,True,False,2025-10-20T19:59:05.253489
DANDY - Lomitas Street,Restaurant,+549116100-0402,"Italia 459, B1832 Lomas de Zamora, Provincia de Buenos Aires",Lomas de Zamora,4.8,4607,https://somosdandy.com/,somosdandy.com,ChIJD1tYEa3JvJURQhxC46I10L4,info@somosdandy.com,True,False,2025-10-20T19:59:32.559078
Centro Cultural Armoza,Wine bar,+54115017-7701,"Miller 3036, C1429 Cdad. Autónoma de Buenos Aires",Buenos Aires,4.8,1797,http://ccarmoza.com/,ccarmoza.com,ChIJFQjIh6S1vJURda9ekHWSgLw,armoza.wines@gmail.com,True,False,2025-10-20T19:59:54.302646
Portal Ramos Mejía,Bar,+549115806-6640,"Pueyrredón 236, B1704 Ramos Mejía, Provincia de Buenos Aires",Ramos Mejía,4.8,1098,https://portalbar.com.ar/,portalbar.com.ar,ChIJx8XM2YHHvJUR9gWRzpx9ow0,portalbeerhouse@gmail.com,True,False,2025-10-20T20:00:05.311634
Michelangelo Legend,Restaurant,+54112516-8222,"Balcarce 433, C1064 Cdad. Autónoma de Buenos Aires",Buenos Aires,4.8,461,https://www.michelangelolegend.com/,www.michelangelolegend.com,ChIJJYvLxio1o5URzcXOUHpOLMM,info@familiatangoshow.com,True,False,2025-10-20T20:00:29.173999
PIBÄ DOHO,Bar,,"Av. Donado 1877, C1430 C1430DRI, Cdad. Autónoma de Buenos Aires",C1430DRI,4.8,207,http://piba.com.ar/,piba.com.ar,ChIJ9Qi8JQC3vJURNXaMDXZei1E,info@piba.com.ar,True,False,2025-10-20T20:01:12.999301
Tomate Estación de Sabores,Restaurant,+54113660-7077,"Av. Infanta Isabel 555, C1425 Cdad. Autónoma de Buenos Aires",Buenos Aires,4.7,3939,http://www.tomate.com.ar/,www.tomate.com.ar,ChIJ2_rueKC1vJUR5sni7OXe3J0,tuevento@tomate.com.ar,True,False,2025-10-20T20:01:54.231486
Sale e Pepe - San Telmo,Restaurante,+54116212-1615,"Balcarce 436, C1064 Cdad. Autónoma de Buenos Aires",Cdad. Autónoma de Buenos Aires,4.7,1843,http://www.saleepepe.com.ar/,www.saleepepe.com.ar,ChIJM3amnv41o5URBaXI_HR1ato,saleepepearg@gmail.com,True,False,2025-10-20T20:02:33.529158
a 'Manger Picadas - Delivery a domicilio,Meal delivery,+54115642-4314,"Charcas 4001, C1425BNE Cdad. Autónoma de Buenos Aires",Buenos Aires,4.7,1822,https://a-manger.com/,a-manger.com,ChIJWyOjVIC1vJURlW-JpyEig4k,info@a-manger.com,True,False,2025-10-20T20:02:40.623085
Surry Hills — Australian Brunch & Specialty Coffee,Coffee shop,,"Arévalo 2877, C1426 Cdad. Autónoma de Buenos Aires",Buenos Aires,4.7,861,http://www.surryhillscoffee.com/,www.surryhillscoffee.com,ChIJpa7VK7G1vJURB2vsGd0I19Q,"business.eu@surryhillscoffee.com, business.us@surryhillscoffee.com, hola@surryhillscoffee.com, hr@surryhillscoffee.com, team@surryhillscoffee.com",True,False,2025-10-20T20:03:27.696092
Ainara Helados Veganos,Ice cream shop,+54115734-4751,"Charcas 4987, C1425 Cdad. Autónoma de Buenos Aires",Buenos Aires,4.7,745,http://www.ainara.com.ar/,www.ainara.com.ar,ChIJUR18_iK1vJURxK90JJihgNY,info@ainara.com.ar,True,False,2025-10-20T20:03:43.269646
MUSGO — Fine Dining · Restaurante de Alta Cocina en Palermo,Restaurante,+549116407-3841,"Nicaragua 4758, C1004 Cdad. Autónoma de Buenos Aires",Cdad. Autónoma de Buenos Aires,4.7,505,https://musgoba.com/?utm_source=google&utm_medium=organic&utm_campaign=gmb,musgoba.com,ChIJBxEgp7a1vJURgyGrFBmbLm4,info@musgoba.com,True,False,2025-10-20T20:04:34.265785
The Wine Island,Liquor store,+54116539-3759,"C1008AAN, Suipacha 608, C1008AAN Cdad. Autónoma de Buenos Aires",Buenos Aires,4.7,440,http://www.laislavinos.com/,www.laislavinos.com,ChIJAQAQJcnKvJURJGCWEuKP7xI,ventas@laislavinos.com.ar,True,False,2025-10-20T20:04:48.629613
Vinoteca Enogarage Martinez,Wine store,+54113927-0562,"Emilio Lamarca 329, B1640 DFE, Provincia de Buenos Aires",DFE,4.7,278,http://www.enogarage.com/,www.enogarage.com,ChIJ_cj_3M3KvJURfTNR0XaNrkY,consultas@enogarage.com,True,False,2025-10-20T20:05:17.196190
Licorería Paradiso,Wine store,+54115198-0002,"México 802, C1070 Cdad. Autónoma de Buenos Aires",Buenos Aires,4.7,264,http://www.licoreriaparadiso.com/,www.licoreriaparadiso.com,ChIJtaPSedbKvJURd8TryW4sj00,info@licoreriaparadiso.com,True,False,2025-10-20T20:05:25.567327
Miravida Soho Hotel & Wine Bar,Hotel,+54114774-6433,"Darregueyra 2050, C1425FLA Cdad. Autónoma de Buenos Aires",Buenos Aires,4.7,254,http://www.miravidasoho.com/,www.miravidasoho.com,ChIJRX3zk4W1vJURIg6PKwbFeEQ,info@miravidasoho.com,True,False,2025-10-20T20:05:32.026202
Vinoteca 1500,Wine store,+54114793-9767,"Hipólito Yrigoyen 1500, B1640 Martínez, Provincia de Buenos Aires",Martínez,4.7,186,http://www.1500.com.ar/,www.1500.com.ar,ChIJkxcEb_iwvJURcVHZYoVRUSc,info@1500.com.ar,True,False,2025-10-20T20:05:47.221625
Paseo La Plaza,Performing arts theater,+54116320-5300,"Av. Corrientes 1660 C1042AAP, C1042 AAP, Cdad. Autónoma de Buenos Aires",AAP,4.6,60038,http://www.paseolaplaza.com.ar/,www.paseolaplaza.com.ar,ChIJKVQlQ8HKvJURiWyjkObIBJk,"contacto@paseolaplaza.com, contacto@paseolaplaza.com.ar",True,False,2025-10-20T20:06:02.163150
Cuervo Café,Cafe,,"El Salvador 4580, C1414 Cdad. Autónoma de Buenos Aires",Buenos Aires,4.6,3477,http://www.cuervocafe.com/,www.cuervocafe.com,ChIJF19rgHjKvJURjAVINc8ud9k,"laburo@cuervocafe.com, tienda@cuervo.cafe",True,False,2025-10-20T20:07:11.776398
Backroom Bar,Coctelería,,"Jorge Luis Borges 1975, C1414 Cdad. Autónoma de Buenos Aires, Argentina",Cdad. Autónoma de Buenos Aires,4.6,3272,http://www.backroom-bar.com/,www.backroom-bar.com,ChIJ5xXRypi1vJURbyPHDWVCJL8,rrhh@backroom-bar.com,True,False,2025-10-20T20:07:19.930211
Crystal Bar - Alvear Icon Hotel - Puerto Madero,Bar,+54114114-0948,"Aimé Painé 1130 piso 32, C1107 Cdad. Autónoma de Buenos Aires",Buenos Aires,4.6,3101,https://alvearicon.com/gastronomia/crystal-bar-puerto-madero/,alvearicon.com,ChIJIUMqmtc0o5URXU-T5nEkCc8,"reservationsicon@alvear.com.ar, restaurantes.aih@alvear.com.ar",True,False,2025-10-20T20:07:30.203065
ROUX,Restaurante,+54114805-6794,"Peña 2300, C1126ABF Cdad. Autónoma de Buenos Aires",Cdad. Autónoma de Buenos Aires,4.6,3079,http://www.rouxresto.com/,www.rouxresto.com,ChIJKYYltZnKvJUR1B3un_qNkho,mrebaudino@rouxresto.com,True,False,2025-10-20T20:07:32.298934
Eterna Cadencia,Book store,+54114774-4100,"Honduras 5582, C1414BTM Cdad. Autónoma de Buenos Aires",Buenos Aires,4.6,2935,http://www.eternacadencia.com.ar/,www.eternacadencia.com.ar,ChIJu2UJlY21vJURRWigIgTlN4M,info@eternacadencia.com.ar,True,False,2025-10-20T20:07:36.385241
Nicky Harrison,Sushi restaurant,+54114831-0519,"Malabia 1764, C1414 Cdad. Autónoma de Buenos Aires",Buenos Aires,4.6,2806,http://www.nicky-harrison.com/,www.nicky-harrison.com,ChIJtQTAe4e1vJURxnAUY58JmiM,eventos@nicky-harrison.com,True,False,2025-10-20T20:07:46.961664
El Candado,Restaurant,+54114792-1642,"Luis Sáenz Peña 1723, B1640 Martínez, Provincia de Buenos Aires",Martínez,4.6,2194,http://www.elcandado.com.ar/,www.elcandado.com.ar,ChIJMzA6E6uxvJURzrP4X-LETIo,"info@elcandado.com.ar, info@mysite.com",True,False,2025-10-20T20:08:02.740093
ROSÉ Restaurant Bar,Restaurant,+5421187051,"Guayaquil 556, C1424 Cdad. Autónoma de Buenos Aires",Buenos Aires,4.6,2099,http://www.rose.com.ar/,www.rose.com.ar,ChIJPyPCmk_LvJUR16YaeKpgyww,"info@rose.com.ar, roserestaurantbarinfo@rose.com.ar",True,False,2025-10-20T20:08:06.116081
Le Blé Gaona,Coffee shop,+549113942-1753,"Comuna 11, Av. Gaona 3901, C1407FIB Cdad. Autónoma de Buenos Aires",Buenos Aires,4.6,1325,https://www.leble.com.ar/,www.leble.com.ar,ChIJ-wp2TCTJvJURi27Rm2EfOAQ,"pasion@leble.com.ar, rrhh@leble.com.ar",True,False,2025-10-20T20:08:54.265938
Presidente Bar | San Isidro,Cocktail bar,,"Av. Marquez y Av. Fleming, Acceso A Hipodromo de San Isidro, 1643 Buenos Aires",Buenos Aires,4.6,1014,https://www.presidentebar.com.ar/,www.presidentebar.com.ar,ChIJX0YqIF-xvJUR4UNmxRkLq8Y,eventos@presidentebar.com.ar,True,False,2025-10-20T20:09:10.187164
Martinelli Caffe Pasticceria e Gelato,Espresso bar,+54117107-1907,"Av. Dr. Honorio Pueyrredón 874, C1405 Cdad. Autónoma de Buenos Aires",Buenos Aires,4.6,601,https://martinellicaffe.com.ar/,martinellicaffe.com.ar,ChIJM8cBoLHLvJUR8-KdUZfam5A,contacto@martinellicafe.com.ar,True,False,2025-10-20T20:09:46.572988
"Doble Sentido, Bar Cultural",Bar,+54112397-5736,"Loyola 788, C1414 Cdad. Autónoma de Buenos Aires",Buenos Aires,4.6,359,https://doblesentidobarcultural.com.ar/,doblesentidobarcultural.com.ar,ChIJtcEogEHLvJUReVVsOf-vEo0,doblesentidobarcultural@gmail.com,True,False,2025-10-20T20:10:59.132586
Café Tortoni,Cafetería,+54114342-4328,"Av. de Mayo 825, C1084 Cdad. Autónoma de Buenos Aires",Cdad. Autónoma de Buenos Aires,4.5,37779,http://www.cafetortoni.com.ar/,www.cafetortoni.com.ar,ChIJ01wendHKvJURLcQXvCCCC1I,"tortoni@cafetortoni.com.ar, tortoni@cafetortoni.com.arwhatsapp",True,False,2025-10-20T20:11:54.690453
Izakaya by Sushi Pop Palermo,Sushi restaurant,+54115272-5900,"Soler 5598, C1425 Cdad. Autónoma de Buenos Aires",Buenos Aires,4.5,12042,https://www.sushipop.com.ar/,www.sushipop.com.ar,ChIJ7dqQuJG1vJURiZxJOIRL7Xk,info@sushi-pop.com.ar,True,False,2025-10-20T20:12:04.305605
Croque Madame,Restaurante,+54114806-8639,"Av. del Libertador 1902, C1425AAS Cdad. Autónoma de Buenos Aires",Cdad. Autónoma de Buenos Aires,4.5,10672,http://www.croquemadame.com.ar/,www.croquemadame.com.ar,ChIJP6BkFWK1vJURH57rMLPgrtM,pcampos@croquemadame.com.ar,True,False,2025-10-20T20:12:18.831513
Confitería La Ideal,Cafetería,+549116801-1519,"Suipacha 384, C1008AAF Cdad. Autónoma de Buenos Aires",Cdad. Autónoma de Buenos Aires,4.5,10443,https://laideal.ar/,laideal.ar,ChIJmXG0TsnKvJURhB6qlLk7oDo,eventos@laideal.ar,True,False,2025-10-20T20:12:22.683716
Croque Madame Palacio Paz,Restaurante,+54115934-4555,"Av. Sta. Fe 750, C1006 Cdad. Autónoma de Buenos Aires",Cdad. Autónoma de Buenos Aires,4.5,8111,https://croquemadamepalaciopaz.com.ar/,croquemadamepalaciopaz.com.ar,ChIJbUZwLZHLvJURunH843sezzQ,"eventos@croquemadamepalaciopaz.com.ar, eventos@croquemadamepalaciopaz.com.aremail, info@croquemadamepalaciopaz.com.ar",True,False,2025-10-20T20:12:32.775047
Estilo Campo Restaurante,Argentinian restaurant,+54114312-4546,"Av. Alicia Moreau de Justo 1840, C1107AFL Cdad. Autónoma de Buenos Aires",Buenos Aires,4.5,7293,http://www.estilo-campo.com.ar/,www.estilo-campo.com.ar,ChIJeY1Ge9E0o5URzW_TmKNYYag,info@estilo-campo.com.ar,True,False,2025-10-20T20:12:50.946147
Gardiner Restaurant,Restaurant,+54114788-0437,"Av. Costanera Rafael Obligado 6311, C1428 Cdad. Autónoma de Buenos Aires",Buenos Aires,4.5,5357,http://www.gardiner.com.ar/,www.gardiner.com.ar,ChIJT26dDU20vJURz4gO-OG2x8A,gr@gardiner.com.ar,True,False,2025-10-20T20:13:09.881607
Prosciutto Ristorante Lanús,Italian restaurant,+5421446566,"Gdor. Carlos Tejedor 125, B1824 B1824MWE, Provincia de Buenos Aires",B1824MWE,4.5,5323,http://prosciutto.com.ar/,prosciutto.com.ar,ChIJW79zBenNvJURwruXUNI66Lw,"balvanera@prosciutto.com.ar, caballito@prosciutto.com.ar, lanus@prosciutto.com.ar",True,False,2025-10-20T20:13:17.812291
Saigón Noodle Bar,Restaurante vietnamita,+54115383-8984,"Bolívar 986, C1066AAT Cdad. Autónoma de Buenos Aires, Argentina",Cdad. Autónoma de Buenos Aires,4.5,5141,https://www.saigonargentina.com/,www.saigonargentina.com,ChIJr785XCvLvJURxRLFFw5ThRM,contactoinfo@saigonargentina.com,True,False,2025-10-20T20:13:20.968626
IL Vero Arturito Abasto,Restaurant,+54114961-4280,"San Luis 2999, C1186 Cdad. Autónoma de Buenos Aires",Buenos Aires,4.5,3223,http://www.ilveroarturito.com.ar/,www.ilveroarturito.com.ar,ChIJS6Z5C47KvJUREXuZt-ONL58,"abasto@ilveroarturito.com.ar, palermo@ilveroarturito.com.ar",True,False,2025-10-20T20:14:25.406751
Otaku Sushi Vicente Lopez,Takeout restaurant,+54115416-4480,"Av. Maipú 598, B1638 Vicente López, Provincia de Buenos Aires",Vicente López,4.5,2216,https://otakusushi.com.ar/,otakusushi.com.ar,ChIJbxRvDue3vJURnJJ18F-hxOE,"franquicias@otakusushi.com.ar, info@otakusushi.com.ar, info@otakusushi.com.arfranquicias",True,False,2025-10-20T20:15:41.240322
CUT Resto,Restaurant,+54116460-0001,"Urquiza 802, B1638BWD Vicente López, Provincia de Buenos Aires",Vicente López,4.5,2193,http://www.cutresto.com/,www.cutresto.com,ChIJ-0WMeU2xvJURcokdbXgfBq0,"info@cutresto.com, rrhh@cutresto.com",True,False,2025-10-20T20:15:47.682713
KOI Dumplings,Restaurant,+54116837-8722,"Av. del Libertador 1401, B1638 Olivos, Provincia de Buenos Aires",Olivos,4.5,2176,https://koidumplings.com/,koidumplings.com,ChIJH-kc5mqxvJUR54Td9dR00Ck,"contacto@koidumplings.com, rrhh@koidumplings.com",True,False,2025-10-20T20:15:50.844147
Hasta La Masa,Restaurant,+549113644-0387,"Loyola 642, C1414 Cdad. Autónoma de Buenos Aires",Buenos Aires,4.5,1973,http://www.hastalamasa.com.ar/,www.hastalamasa.com.ar,ChIJTT2vvHXKvJURsC5WxXfPDI0,pedidos@hastalamasa.com.ar,True,False,2025-10-20T20:16:01.995179
Cervelar Paseo La Plaza,Bar,+54112735-8024,"Av. Corrientes 1660 Local 20 y 27, C1042 Cdad. Autónoma de Buenos Aires",Buenos Aires,4.5,1901,https://www.cervelar.com.ar/home,www.cervelar.com.ar,ChIJIURh4FDLvJURuJXM18Uy9WU,cvstaff@cervelar.com.ar,True,False,2025-10-20T20:16:26.657087
Café Vinilo,Concert hall,+54112533-7358,"Estados Unidos 2483, C1227 Cdad. Autónoma de Buenos Aires",Buenos Aires,4.5,1797,http://www.cafevinilo.com.ar/,www.cafevinilo.com.ar,ChIJXcYffH3KvJUR-CPXWUp5hSc,info@cafevinilo.com.ar,True,False,2025-10-20T20:16:41.534245
Heladería Incontro,Ice cream shop,+54114755-4094,"Av 44 KGC Villa Maipú Buenos Aires AR, Av. Pres. Arturo Illia 2495, B1650",Villa Maipú,4.5,1596,https://www.heladeriaincontro.com/,www.heladeriaincontro.com,ChIJlUuW6w63vJURgBXh4NzGqCQ,heladeriaincontro@hotmail.com,True,False,2025-10-20T20:17:02.160432
The Coffee Store Plaza Almagro,Cafe,+54114917-8080,"Jerónimo Salguero 402, C1198 Cdad. Autónoma de Buenos Aires",Buenos Aires,4.5,1467,https://thecoffeestore.com/,thecoffeestore.com,ChIJN6fF8pvLvJURA4dGfXYBERc,"ventas@thecoffeestore.com, ventas@thecoffeestore.cominstitucional",True,False,2025-10-20T20:17:10.022347
Pizzería La Mirage,Pizza restaurant,+54114544-9444,"Av. Congreso 2699, C1428 BVO, Cdad. Autónoma de Buenos Aires",BVO,4.5,1260,http://www.la-mirage.com.ar/,www.la-mirage.com.ar,ChIJV1BQhoG2vJURy3zPP48koDw,la.mirage.pizzeria@gmail.com,True,False,2025-10-20T20:17:29.811089
Bodega 10,Liquor store,+54112137-9641,"Av. Gaona 4251, B1702APL Ciudadela, Provincia de Buenos Aires",Ciudadela,4.5,1160,http://bodega10.com/,bodega10.com,ChIJLby58gXIvJURypBZGy3pG2c,bodega10vinoteca@gmail.com,True,False,2025-10-20T20:17:43.352505
La Casa de los Chillado Biaus,Live music bar,+549115577-8767,"Rodríguez Peña 1224, C1021 Cdad. Autónoma de Buenos Aires",Buenos Aires,4.5,940,https://isidrochillado.wixsite.com/casaloschilladobiaus,isidrochillado.wixsite.com,ChIJT4DTzr3KvJUR1V2TlPtsk5M,lapenadeloschilladobiaus@gmail.com,True,False,2025-10-20T20:18:12.089678
BABYCOFFEE,Cafe,+54112833-7007,"Monseñor Larumbe 801, B1640GXQ Martínez, Provincia de Buenos Aires",Martínez,4.5,634,http://www.babycoffee.com.ar/,www.babycoffee.com.ar,ChIJ3yqeFPaxvJURlb9_B9DGgOo,hola@babycoffee.com.ar,True,False,2025-10-20T20:18:50.141227
Ninina,Restaurant,+54112538-7595,"El Solar Shopping, Av. Luis María Campos 901, C1426 Cdad. Autónoma de Buenos Aires",Buenos Aires,4.5,601,http://www.ninina.com/,www.ninina.com,ChIJJR6JNgC1vJURV6KLrekPaXM,"info@ninina.com, info@ninina.comt, ja@ninina.com",True,False,2025-10-20T20:18:59.545704
Demons Cafe,Restaurant,+54112395-3631,"Av. del Libertador 13837, B1640 Martínez, Provincia de Buenos Aires",Martínez,4.5,594,http://www.demonsmachines.com/,www.demonsmachines.com,ChIJtYmS-5yxvJURNAP2ht5IP8A,info@demonsmachines.com,True,False,2025-10-20T20:19:01.816971
La Colmena,Bar,+54115869-6729,"Cnel. Niceto Vega 4977 C1414BEG, C1414 Cdad. Autónoma de Buenos Aires",Buenos Aires,4.5,490,https://sites.google.com/view/lacolmenadepalermo/inicio,sites.google.com,ChIJTdL97h-1vJURDRYisbwuwYU,lacolmenadepalermo@gmail.com,True,False,2025-10-20T20:19:36.410775
Geppetto Cantina - Rivera,Pub,,"C. Dr. Pedro I. Rivera 5799, C1431BVY Villa Urquiza, Cdad. Autónoma de Buenos Aires",Villa Urquiza,4.5,355,https://geppettobar.com.ar/geppettobar-rivera/menu,geppettobar.com.ar,ChIJsQmZYwC3vJURMXCe06adNn8,bargeppetto@gmail.com,True,False,2025-10-20T20:20:07.163508
Hangar 1138,Mechanic,+549115885-9948,"Av. Sta. Fe 1138, B1828 Banfield, Provincia de Buenos Aires",Banfield,4.5,318,http://www.hangar1138.com.ar/,www.hangar1138.com.ar,ChIJZR2mcOnLvJURE8RD7D0dU0M,info@hangar1138.com.ar,True,False,2025-10-20T20:20:15.868661
Vinoteca Momentos,Wine store,+54114432-7864,"Av. Pedro Goyena 1540, C1406 Cdad. Autónoma de Buenos Aires",Buenos Aires,4.5,216,http://www.vinotecamomentos.com.ar/,www.vinotecamomentos.com.ar,ChIJVwVUZjDKvJURx0YH_aunzFI,contacto@vinotecamomentos.com.ar,True,False,2025-10-20T20:20:35.205537
Don Julio,Parrilla,+54114831-9564,"Guatemala 4699, C1425 Cdad. Autónoma de Buenos Aires, Argentina",Cdad. Autónoma de Buenos Aires,4.4,17896,https://www.parrilladonjulio.com/,www.parrilladonjulio.com,ChIJoYl36oa1vJURWWhqD9z3UV8,info@parrilladonjulio.com.ar,True,False,2025-10-20T20:21:12.692997
Torino Norte,Pizza restaurant,+54114581-1776,"Av. Juan Bautista Justo 3995, C1416 Cdad. Autónoma de Buenos Aires",Buenos Aires,4.4,15461,http://www.pizzeriatorino.com.ar/,www.pizzeriatorino.com.ar,ChIJ2bcfXwHKvJUR_uIVlALsoII,consulta@pizzeriatorino.com.ar,True,False,2025-10-20T20:21:24.797440
La Poesía,Coffee shop,+5443007340,"Chile 502, C1098 AAL, Cdad. Autónoma de Buenos Aires",AAL,4.4,11249,http://www.losnotables.com.ar/cafe-la-poesia/,www.losnotables.com.ar,ChIJoyuClSrLvJURNjm1ra7PeL4,"bares@losnotables.com.ar, eventos@losnotables.com.ar, rrhh@losnotables.com.ar",True,False,2025-10-20T20:21:53.951047
La Estancia Asador Criollo,Grill,+54114326-0025,"Lavalle 941, C1047 Cdad. Autónoma de Buenos Aires, Argentina",Buenos Aires,4.4,11204,https://laestancia.ar/,laestancia.ar,ChIJrVQ21s7KvJUROm_80TtqlcI,info@laestancia.ar,True,False,2025-10-20T20:21:59.350966
La Mar,Peruvian restaurant,+549113955-9600,"Arévalo 2024, C1414 Cdad. Autónoma de Buenos Aires",Buenos Aires,4.4,9476,https://www.lamarcebicheria.com/buenos-aires/,www.lamarcebicheria.com,ChIJkR20gJS1vJURB_Tw0torRPU,"eventos@lamarcebicheria.com.ar, info@lamarcebicheria.com.ar",True,False,2025-10-20T20:22:09.903946
Container Bar,Bar,+54112722-7043,"B1704BRS, Necochea 955, B1704BRS Ramos Mejía, Provincia de Buenos Aires",Ramos Mejía,4.4,5941,http://www.containerbar.com.ar/,www.containerbar.com.ar,ChIJk6Ft--fHvJURh0T_CvFiPFw,"containerbarok@gmail.com, rrhh@containerbar.com.ar",True,False,2025-10-20T20:23:06.499601
Happening Costanera,Restaurant,+54114787-0666,"Av. Costanera Rafael Obligado 7030, C1428 Cdad. Autónoma de Buenos Aires",Buenos Aires,4.4,5566,http://www.happening.com.ar/,www.happening.com.ar,ChIJE6T9P0-0vJURMBIWo4aqD7w,hc@happening.com.ar,True,False,2025-10-20T20:23:22.958900
Fujisan,Japanese restaurant,+54114784-1313,"Mendoza 1650, C1428 DJP, Cdad. Autónoma de Buenos Aires",DJP,4.4,5272,http://www.fujisan.com.ar/,www.fujisan.com.ar,ChIJ-TSStzK0vJUR3vyiz8sj9m4,reservasfujisan@gmail.com,True,False,2025-10-20T20:23:46.898743
Museo Evita Restaurante,Restaurant,+54113560-5130,"C1425ARF, Juan María Gutiérrez 3926, C1425ARF Cdad. Autónoma de Buenos Aires",Buenos Aires,4.4,4970,https://www.museoevitaresto.com.ar/,www.museoevitaresto.com.ar,ChIJEX6J5Hi1vJUREszgzw_OzhE,consultas@museoevitaresto.com.ar,True,False,2025-10-20T20:23:57.802692
Justo Brandzen,Restaurant,+54112085-5699,"Brandsen 245, B1878 Quilmes, Provincia de Buenos Aires",Quilmes,4.4,4742,http://www.justobrandzen.com.ar/,www.justobrandzen.com.ar,ChIJo692mkMuo5URD65HQCwi8Os,justobrandzen@hotmail.com,True,False,2025-10-20T20:24:14.160008
Cucina D'Onore,Italian restaurant,+54114315-9260,"Av. Alicia Moreau de Justo 1768, C1107 AFJ, Cdad. Autónoma de Buenos Aires",AFJ,4.4,4436,http://www.cucinadonore.com/,www.cucinadonore.com,ChIJQV-DXtE0o5URnr8IMr3aeo4,info@cucinadonore.com,True,False,2025-10-20T20:24:20.207659
725 Continental Hotel,Hotel,+54114131-8000,"Av. Pres. Roque Sáenz Peña 725, C1035 Cdad. Autónoma de Buenos Aires",Buenos Aires,4.4,4249,http://www.725continental.com/,www.725continental.com,ChIJIc--Vc7KvJURSTLFdJwevqA,reservas@725continental.com,True,False,2025-10-20T20:24:33.448711
Bar 878,Bar,+54114773-1098,"Thames 878, C1414 Cdad. Autónoma de Buenos Aires",Buenos Aires,4.4,4249,http://www.878bar.com.ar/,www.878bar.com.ar,ChIJy4qUv4q1vJUR8rayMlrFSIg,"eventos@878bar.com.ar, info@878bar.com.ar",True,False,2025-10-20T20:24:35.321284
Gran Bar Danzon,Bar,+54114811-1108,"Libertad 1161, C1012AAW Cdad. Autónoma de Buenos Aires",Buenos Aires,4.4,4201,https://granbardanzon.com.ar/,granbardanzon.com.ar,ChIJh9Qpx7nKvJURLoDB8VNMen8,danzon@granbardanzon.com.ar,True,False,2025-10-20T20:24:55.638269
El Querandi - Cena Tango Show,Restaurant,+549113848-5242,"Perú 322, C1067AAH Cdad. Autónoma de Buenos Aires",Buenos Aires,4.4,3300,https://querandi.com.ar/,querandi.com.ar,ChIJG_AaYdTKvJURoUYUlUOPHvw,reservas@querandi.com.ar,True,False,2025-10-20T20:26:15.899434
Vuelta de Haedo,Restaurante,+54114659-2223,"Av. Rivadavia 16285, B1706AZH Haedo, Provincia de Buenos Aires",Haedo,4.4,3267,http://vueltadehaedo.com.ar/,vueltadehaedo.com.ar,ChIJO7RUi4THvJURO4o30jupvBY,consultas@vueltadehaedo.com.ar,True,False,2025-10-20T20:26:20.555884
Amelia Café Tostadores,Cafeteria,+549116141-2971,"Rojas 702, C1405 Cdad. Autónoma de Buenos Aires",Buenos Aires,4.4,3238,https://ameliacafe.com.ar/,ameliacafe.com.ar,ChIJlWD6soDLvJURaB9QchP5Waw,ameliasaborcafe@gmail.com,True,False,2025-10-20T20:26:23.982247
La Crespo,Restaurant,+54114856-9770,"Vera 1001, C1414 Cdad. Autónoma de Buenos Aires",Buenos Aires,4.4,3125,http://www.lacrespo.com/,www.lacrespo.com,ChIJe6IoZ_W1vJURZcDa_CDnIbc,"belgranolacrespocomidasdecasa@gmail.comvilla, info@mysite.com",True,False,2025-10-20T20:26:32.886550
Taj Mahal Cocina de la India,Indian restaurant,,"Nicaragua 4345, C1414 Cdad. Autónoma de Buenos Aires",Buenos Aires,4.4,2473,http://www.tajmahalresto.com.ar/,www.tajmahalresto.com.ar,ChIJVduMUn_KvJURli0ysemMEUI,tajmahalbuenosaires@hotmail.com,True,False,2025-10-20T20:27:43.989272
Piegari carnes,Restaurant,+54114328-4104,"Posadas 1089, C1011ABA Cdad. Autónoma de Buenos Aires",Buenos Aires,4.4,2163,http://www.piegari.com.ar/,www.piegari.com.ar,ChIJYzmPibDKvJURGZK4oPk8r5Y,administracion@piegari.com.ar,True,False,2025-10-20T20:28:40.281839
Dome Roof Top Bar,Hotel,+54113221-6500,"Av. de Mayo 1396, C1085 Cdad. Autónoma de Buenos Aires",Buenos Aires,4.4,1837,http://www.tango-hotel.com.ar/rooftop.php,www.tango-hotel.com.ar,ChIJ_9QYJtvKvJURgqqnqifPwO0,reservas@tango-hotel.com.ar,True,False,2025-10-20T20:30:08.175958
8 Esquinas Bar,Bar,+549113880-1167,"Av. Forest 1186, C1427CEV Cdad. Autónoma de Buenos Aires",Buenos Aires,4.4,1498,https://www.8esquinas.com.ar/,www.8esquinas.com.ar,ChIJ0UW9TN61vJURrvwVRMDkT-Q,info@ochoesquinas.com.ar,True,False,2025-10-20T20:30:56.454391
DOC Café,Cafe,+54116196-5270,"Aráoz 645, C1414 Cdad. Autónoma de Buenos Aires",Buenos Aires,4.4,1388,http://doccafe.com.ar/,doccafe.com.ar,ChIJg7kSX93LvJURYworFaI5pZs,cafeina@doccafe.com.ar,True,False,2025-10-20T20:31:12.058975
EL REMANSO,Restaurante,+54114307-4405,"Pi y Margall 1300, C1265 ACB, Cdad. Autónoma de Buenos Aires",ACB,4.4,1310,https://elremansorestaurante.com.ar/,elremansorestaurante.com.ar,ChIJpRufNMs0o5URKcvG1LAtNZw,asistance@gmail.com,True,False,2025-10-20T20:31:26.156501
La Calle Bar 2,Bar,+54112790-7741,"Gurruchaga 732, C1414 Cdad. Autónoma de Buenos Aires",Buenos Aires,4.4,1199,http://www.lacallebar.com/,www.lacallebar.com,ChIJY7BIXb7LvJURMfrngJLn-90,lacalle_bar@hotmail.com,True,False,2025-10-20T20:31:40.012012
Overo Bar de Copas,Bar,+549116878-4583,"Nicaragua 4583, C1414 Palermo Viejo, Cdad. Autónoma de Buenos Aires",Palermo Viejo,4.4,1179,http://www.overobar.com/,www.overobar.com,ChIJD6WyI6q1vJUR-4SOajSpbHM,tomavinoviviar@overo.bar,True,False,2025-10-20T20:31:48.574659
Glück Cervecería - Palermo,Restaurant,+549112476-9680,"Nicaragua 4610, C1414BVH Cdad. Autónoma de Buenos Aires",Buenos Aires,4.4,1168,https://gluckcerveceria.com/,gluckcerveceria.com,ChIJHX2uAtK1vJUROvnyp6WDPfY,franquicias@gluckcerveceria.com,True,False,2025-10-20T20:31:50.413665
VERT Plantas+Deco+Café,Coffee shop,,"Bolívar 327, B1704 Ramos Mejía, Provincia de Buenos Aires",Ramos Mejía,4.4,872,https://vert.empretienda.com.ar/,vert.empretienda.com.ar,ChIJR0G2gsnHvJURhkU2z3uHOuE,vertplantasdeco@gmail.com,True,False,2025-10-20T20:32:39.191234
Jazz Voyeur,Jazz club,+54115353-4000,"Posadas 1557, C1112ADA Cdad. Autónoma de Buenos Aires",Buenos Aires,4.4,749,https://jazzvoyeur.com.ar/,jazzvoyeur.com.ar,ChIJ2b2Qi6TKvJURUnTaJoqekBk,info@jazzvoyeur.com.ar,True,False,2025-10-20T20:33:04.259832
El Bar de Hot,Bar,,"Av. Boedo 440, C1218AAN Cdad. Autónoma de Buenos Aires",Buenos Aires,4.4,679,http://pizzalomashot.com/,pizzalomashot.com,ChIJ55Pv9_fKvJURD61HMtkp9-4,comunicaciones@pizzalomashot.com,True,False,2025-10-20T20:33:20.549715
WALDEN Café,Coffee shop,,"Gurruchaga 1195, C1414 Cdad. Autónoma de Buenos Aires",Buenos Aires,4.4,621,http://www.waldencafe.com.ar/,www.waldencafe.com.ar,ChIJcY4vf1a1vJURFaUePIkm5bQ,"holawaldencafe@gmail.com, holawaldencafe@gmail.combottom",True,False,2025-10-20T20:33:35.235239
Saint Elmo,Bar,+54116825-4444,"Perú 1118, C1068 AAN, Cdad. Autónoma de Buenos Aires",AAN,4.4,484,http://www.saintelmo.com.ar/,www.saintelmo.com.ar,ChIJBRDLiCzLvJURm04oBtjS-Us,saint.elmo.bar@gmail.com,True,False,2025-10-20T20:34:06.938480
Mancheese Delicatessen,Cheese shop,+54114832-1800,"DBO, Av. Raúl Scalabrini Ortiz 2002, C1425 Cdad. Autónoma de Buenos Aires",Buenos Aires,4.4,262,https://mancheese.com.ar/,mancheese.com.ar,ChIJvR7smIC1vJURz6xHfvyjAbM,"contacto@mancheese.com.ar, reclamos@mancheese.com.ar",True,False,2025-10-20T20:35:28.026251
SPRITZZA CABALLITO,Pizza restaurant,+54115029-6218,"Av. Pedro Goyena 599, C1424 Cdad. Autónoma de Buenos Aires",Buenos Aires,4.4,249,https://www.spritzza.com.ar/caballito/index.html,www.spritzza.com.ar,ChIJkYt_KgDLvJURjpbGdVSo06c,infocab@spritzza.com.ar,True,False,2025-10-20T20:35:34.154452
Maximilian Lobby Bar & Restaurant,Gastropub,+54114321-0000,"Av. Córdoba 690, C1054 Cdad. Autónoma de Buenos Aires",Buenos Aires,4.4,239,https://www.libertadorhotels.com/,www.libertadorhotels.com,ChIJbW5DzsvKvJURsLxu3FyZt5I,reservas@libertadorhotels.com,True,False,2025-10-20T20:35:45.503773
La Cabrera,Barbecue restaurant,+54114831-0325,"José A. Cabrera 5127, C1414BGQ Cdad. Autónoma de Buenos Aires, Argentina",Buenos Aires,4.3,22142,http://lacabrera.com.ar/,lacabrera.com.ar,ChIJvx_Xcom1vJURxZN2FRnkgaA,"info@lacabrera.com.ar, info@lacabrerabarcelona.es, info@lcsunny.com, reservas@lacabreramadrid.com, reservas@lacabreramalaga.es",True,False,2025-10-20T20:35:51.712864
Alameda Café Porteño,Restaurant,+54114381-2859,"Av. de Mayo 1201, C1085ABC Cdad. Autónoma de Buenos Aires",Buenos Aires,4.3,8286,http://www.alameda-restaurante.com.ar/,www.alameda-restaurante.com.ar,ChIJpwRIotrKvJURWDq1HYu5XEQ,consultas@alameda-restaurante.com.ar,True,False,2025-10-20T20:36:36.995681
Los Inmortales,Pizza restaurant,+54114373-5303,"Av. Corrientes 1369, C1043 Cdad. Autónoma de Buenos Aires",Buenos Aires,4.3,7228,http://www.losinmortales.com/,www.losinmortales.com,ChIJx4cJK8TKvJURRjeGqjakfTc,info@losinmortales.com,True,False,2025-10-20T20:36:54.824572
Tucson Restaurante - Obelisco,American restaurant,+54114382-1354,"Av. Corrientes 1220, C1043 Cdad. Autónoma de Buenos Aires",Buenos Aires,4.3,5614,http://www.tucsonrestaurante.com.ar/,www.tucsonrestaurante.com.ar,ChIJhYuKqDvLvJURezbZmrTEOfQ,"contacto@urbangroup.ar, empleos.solicitudes.rrhh@gmail.com, info@tucsonrestaurante.com.ar, rrhh@tucsonrestaurante.com",True,False,2025-10-20T20:38:00.946810
El Imparcial,Restaurant,+54114383-3308,"Av. Hipólito Yrigoyen 1201, C1086AAU Cdad. Autónoma de Buenos Aires",Buenos Aires,4.3,5531,http://www.elimparcialbsas.com.ar/,www.elimparcialbsas.com.ar,ChIJ06SXnNrKvJURXtgAkFlUCpE,info@elimparcialbsas.com.ar,True,False,2025-10-20T20:38:10.597306
Museo del Jamón,Spanish restaurant,+54114382-4144,"Cerrito 8, C1010 AAB, Cdad. Autónoma de Buenos Aires",AAB,4.3,5374,https://elmuseodeljamon.com.ar/,elmuseodeljamon.com.ar,ChIJXfjOFtDKvJURljYt76zpx8g,"info@elmuseodeljamon.com.ar, info@elmuseodeljamon.com.ary",True,False,2025-10-20T20:38:16.237761
Sintaxis,Gluten-free restaurant,+54115653-5755,"Nicaragua 4849, C1414 Cdad. Autónoma de Buenos Aires",Buenos Aires,4.3,5165,http://www.sintaxisglutenfree.com/,www.sintaxisglutenfree.com,ChIJm7SaDYa1vJURilQqmNXr5bA,pedidos@sintaxispalermo.com,True,False,2025-10-20T20:38:33.488100
Sandoval,Restaurant,+54113682-6533,"José Bonifacio 1595, C1406 Cdad. Autónoma de Buenos Aires",Buenos Aires,4.3,5016,https://www.sandoval.net.ar/,www.sandoval.net.ar,ChIJ9cguSTDKvJURZ_8or5vPxYE,sandovalclientes@gmail.com,True,False,2025-10-20T20:38:38.515619
El Tropezón,Restaurant,+54114371-5046,"Av. Callao 248, C1022 Cdad. Autónoma de Buenos Aires",Buenos Aires,4.3,4656,http://eltropezonrestaurant.com.ar/,eltropezonrestaurant.com.ar,ChIJgXSiOsLKvJUREGD-00IEFDw,admi.tropezon@gmail.com,True,False,2025-10-20T20:38:58.846910
Pertutti Lanus,Restaurant,+54113654-0566,"Gobernador Felipe Llavallol 103, B1824MXC Gran Buenos Aires, Provincia de Buenos Aires",Gran Buenos Aires,4.3,4568,https://www.pertutti.com.ar/,www.pertutti.com.ar,ChIJq9FOxLnNvJURSFfkUxPbZQw,pedidos@pertuttiecommerce.com.ar,True,False,2025-10-20T20:39:08.792794
Café de La Plaza,Restaurant,+54114502-4755,"Av. Lincoln 3990, C1419 Cdad. Autónoma de Buenos Aires",Buenos Aires,4.3,4431,http://cafedelaplaza.com/,cafedelaplaza.com,ChIJF0uFncy3vJURuWzS8WyK4JQ,info@cafedelaplaza.com.ar,True,False,2025-10-20T20:39:13.751414
J.W. Bradley,Bar,+54116977-2038,"Godoy Cruz 1875, C1414 Cdad. Autónoma de Buenos Aires",Buenos Aires,4.3,4169,https://bradleyltdbar.com/,bradleyltdbar.com,ChIJgXtD2o61vJURhIF5UzVbdPU,prodwiseinfo@bradleyltdbar.com,True,False,2025-10-20T20:39:21.504979
Raíces Cocina Casera,Restaurant,+54114541-4927,"Crisólogo Larralde 3995, C1430AIK Cdad. Autónoma de Buenos Aires, Argentina",Buenos Aires,4.3,4063,http://www.raicescocinacasera.com.ar/,www.raicescocinacasera.com.ar,ChIJuQS7h422vJURJUq-lWlrrtA,info@raicescocinacasera.com.ar,True,False,2025-10-20T20:39:31.767393
Piola,Pizza restaurant,+54114812-0690,"Libertad 1078, C1012AAU Cdad. Autónoma de Buenos Aires",Buenos Aires,4.3,3955,http://www.piola.it/,www.piola.it,ChIJR470NLjKvJURUYcC1cMn_-s,piola@piola.it,True,False,2025-10-20T20:39:43.222300
Las Medialunas del Abuelo,Coffee shop,+54114243-3482,"Laprida 611, B1832HOM Gran Buenos Aires, Provincia de Buenos Aires",Gran Buenos Aires,4.3,3805,http://www.lasmedialunasdelabuelo.com/,www.lasmedialunasdelabuelo.com,ChIJOXlYC5LSvJUR0QF3V3hhaWI,info@medialunasdelabuelo.com,True,False,2025-10-20T20:39:54.752494
1810 Cocina Regional,Argentinian restaurant,+549116867-9000,"Mendoza 2320, C1428DKN Cdad. Autónoma de Buenos Aires",Buenos Aires,4.3,3376,http://www.1810cocinaregional.com/,www.1810cocinaregional.com,ChIJs0tZZtO1vJURVe8t0yt66q0,rrhh@1810cocinaregional.com,True,False,2025-10-20T20:40:38.133890
Sacro,Restaurant,+54113970-0215,"Costa Rica 6038, C1414 Cdad. Autónoma de Buenos Aires",Buenos Aires,4.3,2735,http://www.sacro.com.ar/,www.sacro.com.ar,ChIJAc0ax0O1vJURnQMh4Trolb8,"hola@sacro.com.ar, jobs@sacro.com.ar",True,False,2025-10-20T20:42:24.150155
Oviedo Restaurante,Spanish restaurant,+54114822-5415,"Beruti 2602, C1425BBD Cdad. Autónoma de Buenos Aires",Buenos Aires,4.3,2414,http://www.oviedoresto.com.ar/,www.oviedoresto.com.ar,ChIJAfzHXprKvJURAEh85f2QRmY,reservas@oviedoresto.com.ar,True,False,2025-10-20T20:43:04.747419
Koko Bao Bar | Palermo,Asian restaurant,,"Arévalo 1501, C1414 Cdad. Autónoma de Buenos Aires",Buenos Aires,4.3,2344,https://www.kokobaobar.com/,www.kokobaobar.com,ChIJpWpjAe21vJURP36mI2huFGs,"cocinakoko@gmail.com, franquicias@kokobaobar.com, franquicias@kokobaobar.comcocinakoko",True,False,2025-10-20T20:43:17.949964
El Salteño,Restaurant,+54114864-8764,"Gascón 578, C1181 Cdad. Autónoma de Buenos Aires",Buenos Aires,4.3,2307,http://www.xn--parrillaelsalteo-lub.com/,www.xn--parrillaelsalteo-lub.com,ChIJi0APoGbKvJUR4LowdyBGo9Y,chavezoscar3227@gmail.com,True,False,2025-10-20T20:43:22.628396
Norte Restaurant,Restaurant,+54114825-1275,"Arenales 2600, C1425 Cdad. Autónoma de Buenos Aires",Buenos Aires,4.3,2034,http://www.restaurantnorte.com.ar/,www.restaurantnorte.com.ar,ChIJ8ViUYprKvJURZXkxpjoVWZo,arenales2600@gmail.com,True,False,2025-10-20T20:44:10.077319
Houdini Public Bar,Gastropub,+54114701-4252,"Manuela Pedraza 2179, C1429 Cdad. Autónoma de Buenos Aires",Buenos Aires,4.3,1917,https://sites.google.com/view/houdinibar,sites.google.com,ChIJVS7QQZ22vJUR0jOb_Dy2Rx0,info@houdinipublicbar.com,True,False,2025-10-20T20:44:24.813013
Taffer,Bar,+54116117-0273,"Av. Directorio 391, C1424CID Cdad. Autónoma de Buenos Aires",Buenos Aires,4.3,1637,http://www.taffer.com.ar/,www.taffer.com.ar,ChIJkQoBMUzKvJUR7nxab37xzSM,info@taffer.com.ar,True,False,2025-10-20T20:45:09.307807
La Birra Bar Ramos Mejía,Bar,+54113630-5907,"Mariano Moreno 239, B1704 Ramos Mejía, Provincia de Buenos Aires",Ramos Mejía,4.3,1374,http://www.labirrabar.com/,www.labirrabar.com,ChIJw9oheufHvJURZEF0S8trM7I,"cv@labirrabar.com, cv@labirrabar.comtodos, info@labirrabar.com",True,False,2025-10-20T20:45:40.900518
Fútbol Noble,Bar,+54112850-0526,"Julio Argentino Noble 4100, C1425 Cdad. Autónoma de Buenos Aires",Buenos Aires,4.3,1266,http://futbolnoble.com.ar/,futbolnoble.com.ar,ChIJyeVmP6a1vJURZs9w3hepCC8,"contacto@futbolnoble.com.ar, contacto@noblegeba.com.ar",True,False,2025-10-20T20:46:05.023122
ORNO Cantina,Restaurant,+549114195-2117,"Guatemala 4701 PB, C1425 Cdad. Autónoma de Buenos Aires",Buenos Aires,4.3,884,http://ornopizzeria.com/,ornopizzeria.com,ChIJhQCBJUq1vJURSM8pEx4htow,info@ornopizzeria.com,True,False,2025-10-20T20:47:03.247170
Caffé del Doge Argentina Belgrano,Coffee shop,+54116365-1014,"Manuel Ugarte 2384, C1428 BSJ, Cdad. Autónoma de Buenos Aires",BSJ,4.3,855,http://www.caffedeldoge.com.ar/,www.caffedeldoge.com.ar,ChIJQ-YHPSq0vJURAv-ah75WpAs,info@caffedeldoge.com.ar,True,False,2025-10-20T20:47:16.240160
SÃO Medialunas y Café,Coffee shop,,"Díaz Colodrero 2315, C1431 Cdad. Autónoma de Buenos Aires",Buenos Aires,4.3,712,https://sao.com.ar/,sao.com.ar,ChIJkVQtIAC3vJURmZOAG0m4UzA,"franquicias.eu@saomedialunas.com, info@sao.com.ar",True,False,2025-10-20T20:47:47.453869
Café Proa,Cafe,+54114104-1003,"Av. Don Pedro de Mendoza 1929, C1166 Cdad. Autónoma de Buenos Aires",Buenos Aires,4.3,674,http://www.proa.org/,www.proa.org,ChIJMfIgQ7A0o5URXIpBf8bSI-E,info@proa.org,True,False,2025-10-20T20:48:00.410266
Lab Sucre,Confectionery store,+54115368-1814,"Av. Avellaneda 1932, C1406 Cdad. Autónoma de Buenos Aires",Buenos Aires,4.3,603,http://www.labsucre.com/,www.labsucre.com,ChIJa53ldSHKvJUReuelG0KhKQs,info@labsucre.com,True,False,2025-10-20T20:48:19.311248
Pastelería El Progreso,Cake shop,+54114824-1595,"Av. Sta. Fe 2820, C1425BGQ Cdad. Autónoma de Buenos Aires, Argentina",Buenos Aires,4.3,601,http://www.pasteleriaelprogreso.com/,www.pasteleriaelprogreso.com,ChIJu3VAKYXKvJURvu_BfkOvzBs,pasteleriaelprogreso@gmail.com,True,False,2025-10-20T20:48:20.859962
Tiberio Bar,Bar,+54114946-4800,"Bartolomé Mitre 1940, C1039 Cdad. Autónoma de Buenos Aires",Buenos Aires,4.3,258,https://www.tiberiobar.com/,www.tiberiobar.com,ChIJOS4J5z_LvJURgR-qQ6VX2_M,info@tiberiobar.com,True,False,2025-10-20T20:49:54.330361
Ligier Vinotecas,Wine store,+54115353-8050,"Av. Callao 1111, C1061 Cdad. Autónoma de Buenos Aires",Buenos Aires,4.3,258,https://vinotecaligier.com/,vinotecaligier.com,ChIJE2Oy4b3KvJURslSYadtlIyo,ventas@ligier.com.ar,True,False,2025-10-20T20:49:56.279000
Innova CYBER CAFÉ | Cibercafé Gamer,Cibercafé,+54114838-4928,"Murillo 763, C1414AFE Cdad. Autónoma de Buenos Aires",Cdad. Autónoma de Buenos Aires,4.3,215,https://innovacybercafe.com/,innovacybercafe.com,ChIJe_TEkgvKvJURncIL6cjI6sE,innovacybercafe@hotmail.com,True,False,2025-10-20T20:49:58.705427
Antares Mercado San Telmo,Bar,,"Carlos Calvo 485, C1066 Cdad. Autónoma de Buenos Aires",Buenos Aires,4.2,11654,http://www.cervezaantares.com/,www.cervezaantares.com,ChIJNYQBFdXKvJUR5JoQrmwS-Q0,contactos@cervezaanteres.com,True,False,2025-10-20T20:50:52.661255
Floreria Atlántico,Cocktail bar,+54113984-7849,"Arroyo 872, C1007 Cdad. Autónoma de Buenos Aires",Buenos Aires,4.2,7400,http://floreriaatlantico.com.ar/,floreriaatlantico.com.ar,ChIJJY8xLrHKvJURGgoMqdg8pXE,reservas@floreriaatlantico.com.ar,True,False,2025-10-20T20:51:55.180958
El Muelle,Restaurant,+54113726-7672,"R. Obligado, Av. Costanera Rafael Obligado, Cdad. Autónoma de Buenos Aires",Buenos Aires,4.2,6410,https://complejoelmuelle.com/?utm_source=google&utm_medium=wix_google_business_profile&utm_campaign=11395225604533736228,complejoelmuelle.com,ChIJAy7ZYRO1vJUR_TqeZf6N2JU,"eventos@complejoelmuelle.com, eventos@complejoelmuelle.comel",True,False,2025-10-20T20:52:22.227157
Maldini,Bar,,"Vedia 3626, C1430 Cdad. Autónoma de Buenos Aires",Cdad. Autónoma de Buenos Aires,4.2,5965,http://www.maldini.com.ar/,www.maldini.com.ar,ChIJ8_NtI6LKvJUR5aAL1aji1vI,micaela.flecher@entergroup.ar,True,False,2025-10-20T20:52:44.134099
Rojo Y Negro Restaurant,Restaurant,+54114701-2661,"Crisólogo Larralde 1520, C1429 Cdad. Autónoma de Buenos Aires",Buenos Aires,4.2,5066,https://rojoynegro.com.ar/,rojoynegro.com.ar,ChIJbSYNLSG0vJURKXw1Qme4ZxE,info@rojoynegro.com.ar,True,False,2025-10-20T20:53:19.831128
Restaurante Enero Costanera,Restaurant,+54112516-2111,"Av. Costanera Rafael Obligado 6710, C1428 Cdad. Autónoma de Buenos Aires",Buenos Aires,4.2,4432,https://www.enerocostanera.com/,www.enerocostanera.com,ChIJLacwtXu1vJURGCvVrKf1bA4,info@enerocostanera.com,True,False,2025-10-20T20:54:06.900997
Deriva,Restaurant,+54117165-1000,"Dardo Rocha 2290 Martínez, B1640 FTD, Provincia de Buenos Aires",FTD,4.2,3715,http://www.derivaresto.com.ar/,www.derivaresto.com.ar,ChIJMcaIeF2wvJURcqkNSrmAGCk,"eventos@derivaresto.com.ar, info@derivaresto.com.ar",True,False,2025-10-20T20:55:29.485321
Mochica Cocina Peruana,Restaurant,+54114866-6475,"Agüero 526, C1171ABH Cdad. Autónoma de Buenos Aires",Buenos Aires,4.2,3342,https://biolink.info/mochica,biolink.info,ChIJzXS3f4vKvJURIVS1ro2Dm1E,mochicabsas@gmail.com,True,False,2025-10-20T20:56:19.741926
Vicentito,Restaurant,+54114683-5665,"Av. Juan Bautista Justo 8090, C1407FBS Cdad. Autónoma de Buenos Aires",Buenos Aires,4.2,2608,http://vicentito.com.ar/,vicentito.com.ar,ChIJWVj_MrbJvJURR7RFABbgl4A,"info@vicentito.com.ar, info@vicentito.com.artel",True,False,2025-10-20T20:58:07.470360
Hotel Pulitzer Buenos Aires,Hotel,+54114316-0800,"Maipú 907, C1006 Cdad. Autónoma de Buenos Aires",Buenos Aires,4.2,2172,http://www.hotelpulitzer.com.ar/,www.hotelpulitzer.com.ar,ChIJjUNRIsrKvJURrl-Q-C05K-E,info@hotelpulitzer.com.ar,True,False,2025-10-20T20:59:40.206877
Shami shawarma,Syrian restaurant,,"Av. Corrientes 1580, C1042 Cdad. Autónoma de Buenos Aires",Buenos Aires,4.2,2026,http://www.shami.com.ar/,www.shami.com.ar,ChIJjU_vr3_LvJURE_4UCEzcDpU,"compras@shamishawarma.com.ar, rrhh@shamishawarma.com.ar",True,False,2025-10-20T21:00:05.706115
Hotel Lennox Buenos Aires,Hotel,+54115272-1070,"Talcahuano 52, C1013AAB Cdad. Autónoma de Buenos Aires",Buenos Aires,4.2,1976,https://www.lennoxhotels.com/,www.lennoxhotels.com,ChIJGf3iM8XKvJURK9NiQYFv6Ks,reservas@lennoxhotels.com,True,False,2025-10-20T21:00:26.865817
Gourmand Food Hall,Restaurant,+54114814-7530,"Av. del Libertador 750, C1001ABU Cdad. Autónoma de Buenos Aires",Buenos Aires,4.2,1890,http://www.gourmandfoodhall.com/,www.gourmandfoodhall.com,ChIJ20p6ubrKvJUR6yWslV1BvUE,info@gourmandfoodhall.com,True,False,2025-10-20T21:00:49.574029
Confitería La Esmeralda,Confectionery store,+54114781-8866,"Franklin D. Roosevelt 2331, C1406 Cdad. Autónoma de Buenos Aires",Buenos Aires,4.2,1754,https://confiterialaesmeralda.com/,confiterialaesmeralda.com,ChIJPUR2-9K1vJURuTK69Bhipbk,info@confiterialaesmeralda.com,True,False,2025-10-20T21:01:20.640388
Méli Mélo,Cake shop,+54114788-3926,"Av. del Libertador 5986, C1428ARP, C1428 Cdad. Autónoma de Buenos Aires",Buenos Aires,4.2,1199,http://melimelo.com.ar/meli-melo/,melimelo.com.ar,ChIJ5cNqzMy1vJURWDhflt65QUs,reservas@melimelo.com.ar,True,False,2025-10-20T21:02:47.300282
Clásica y Moderna,Restaurant,+54116068-5500,"Av. Callao 892, C1023 AAO, Cdad. Autónoma de Buenos Aires",AAO,4.2,1179,https://clasicaymoderna.com.ar/?fbclid=PAAaaCiw7A4IDlhjbZxCfIKRMJIbBKhfA0agBO5RYvcP1dgPqDlOepFSmmP3Y,clasicaymoderna.com.ar,ChIJq13Qt7_KvJURwibH44BoeEI,cymlibros.admi@gmail.com,True,False,2025-10-20T21:02:53.151772
Tequila Club,Disco club,+549115452-9583,"Av. Costanera Rafael Obligado 6211, C1428 Cdad. Autónoma de Buenos Aires",Buenos Aires,4.2,882,https://www.tequilaclub.com.ar/,www.tequilaclub.com.ar,ChIJeaHkT020vJUR7iwsPrh6Ywo,tequilaclub@tequilaclub.com.ar,True,False,2025-10-20T21:04:11.011560
CONVITE,Restaurant,+54114813-2105,"Libertad 1356, C1016ABB Cdad. Autónoma de Buenos Aires",Buenos Aires,4.2,196,http://convite.com.ar/,convite.com.ar,ChIJlW_4aLrKvJURcGjdoSoySuQ,eventos@convite.com.ar,True,False,2025-10-20T21:06:33.622089
Milion,Restaurant,+549113765-9616,"Paraná 1048, C1018ADB Cdad. Autónoma de Buenos Aires",Buenos Aires,4.1,8188,http://www.milion.com.ar/,www.milion.com.ar,ChIJT1fyLrnKvJURP1-qNQDw3Kg,info@milion.com.ar,True,False,2025-10-20T21:07:11.471530
La Diva Ramos Mejia,Restaurant,+54114464-3333,"Bolívar 99, B1704 Ramos Mejía, Provincia de Buenos Aires",Ramos Mejía,4.1,7798,https://ladivaramosmejia.shop/,ladivaramosmejia.shop,ChIJVcJxE-XHvJUR_E71-7gF0i8,ladivaramosmejia.shop@gmail.com,True,False,2025-10-20T21:07:25.987608
Babieca Parrilla y Café,Grill,+54115304-8269,"Av. Sta. Fe 1898, C1123 Cdad. Autónoma de Buenos Aires",Buenos Aires,4.1,7232,https://www.babiecabarrionorte.ar/,www.babiecabarrionorte.ar,ChIJ91FPApbKvJURqnNpqn-R-g4,info@babiecabarrionorte.ar,True,False,2025-10-20T21:07:34.575200
Capitán,Carvery,+5449581813,"Av. Díaz Vélez 5401, C1405 DCJ, Cdad. Autónoma de Buenos Aires",DCJ,4.1,5919,http://www.capitanparrilla.com.ar/,www.capitanparrilla.com.ar,ChIJEZ62DxPKvJURMLDq9gyIJUQ,"capitanparrilla@gmail.com, info@capitanparrilla.com.ar",True,False,2025-10-20T21:07:53.293374
El Cóndor,Pastelería,+54114504-8940,"Cuenca 3398, C1417 Cdad. Autónoma de Buenos Aires",Cdad. Autónoma de Buenos Aires,4.1,5725,http://www.confiteriaelcondor.com.ar/,www.confiteriaelcondor.com.ar,ChIJFWXNeDC2vJURhBfm0fmYJZc,info@confiteriaelcondor.com.ar,True,False,2025-10-20T21:07:58.916734
Snack Bowling & Restaurant,Restaurant,+54114792-8009,"Av. del Libertador 13054, B1640 Martínez, Provincia de Buenos Aires, Argentina",Martínez,4.1,4371,https://snackbowling.netlify.app/,snackbowling.netlify.app,ChIJTyVfw3SxvJUR7WZdJjajZUI,info@snackbowling.com.ar,True,False,2025-10-20T21:09:00.371875
Entre Amigos,Restaurant,+54115317-9394,"Av. Juan Bautista Justo 8394, C1407 Cdad. Autónoma de Buenos Aires",Buenos Aires,4.1,4239,http://entreamigos.com.ar/,entreamigos.com.ar,ChIJ2UDlbbXJvJUR0J0yciZHvQQ,rpentramigos@gmail.com,True,False,2025-10-20T21:09:16.619458
MÖOI Larrea,Restaurant,+54115739-8055,"Larrea 1541, C1117ABO Cdad. Autónoma de Buenos Aires",Buenos Aires,4.1,3900,http://www.mooirestaurant.com.ar/,www.mooirestaurant.com.ar,ChIJW_nhC5nKvJURlaZPNt2Cr6o,enviarinfo@mooirestaurant.com.ar,True,False,2025-10-20T21:09:33.372740
La Chocolatta Quilmes,Restaurant,+54112101-6992,"Lavalle 539, B1878 Quilmes, Provincia de Buenos Aires",Quilmes,4.1,3795,https://lachocolattagreen.com/,lachocolattagreen.com,ChIJYTeArGouo5URLRZTacUum-M,"contacto@lachocolatta.com, contacto@lachocolattagreen.com",True,False,2025-10-20T21:09:46.420739
El Punto,Bar,+54115960-7756,"Av. Directorio 702, C1424CIU Cdad. Autónoma de Buenos Aires",Buenos Aires,4.1,3144,http://www.puntobar.com.ar/,www.puntobar.com.ar,ChIJu6IF1UvKvJURFe4QS-2c8VU,info@puntobar.com.ar,True,False,2025-10-20T21:10:35.620427
The Cavern Buenos Aires,Bar,+54116320-5314,"Av. Corrientes 1660, C1042 AAP, Cdad. Autónoma de Buenos Aires",AAP,4.1,3134,http://www.thecavern.com.ar/,www.thecavern.com.ar,ChIJxzf8Z8HKvJUR3214r69mNtE,info@thecavern.com.ar,True,False,2025-10-20T21:10:37.184550
Regente Palace Hotel,Hotel,+54114328-6800,"Suipacha 964, C1008 Cdad. Autónoma de Buenos Aires",Buenos Aires,4.1,3133,http://www.regente.com/,www.regente.com,ChIJN1sXKrbKvJURmSUE1BFp-qQ,"banquetes@regente.com, info@regente.com, regente.combanquetes@regente.com, reservas@regente.com, ventas@regente.com",True,False,2025-10-20T21:10:42.713752
Olympo Sky Bar,Bar,,"Av. Corrientes 1464, C1042 Cdad. Autónoma de Buenos Aires",Buenos Aires,4.1,2583,https://olymposkybar.com/,olymposkybar.com,ChIJIf-yY4jLvJURMQ9dgsWghsg,info@olymposkybar.com,True,False,2025-10-20T21:11:45.852520
Rabia Bar,Bar,+54112604-6222,"Costa Rica 4901, C1414 Cdad. Autónoma de Buenos Aires",Buenos Aires,4.1,2578,http://www.rabiabar.com/,www.rabiabar.com,ChIJqbe7jP-1vJURMURFzrdjtms,rrabiabar@gmail.com,True,False,2025-10-20T21:11:50.643431
Las Familias,Bar & grill,+54114911-9224,"AAV, Av. Caseros 2802, C1264 Buenos Aires",Buenos Aires,4.1,2357,http://lasfamilias.com.ar/,lasfamilias.com.ar,ChIJQ6DkEBHLvJURVoK0Eo1Gtao,info@lasfamilias.com.ar,True,False,2025-10-20T21:12:28.613490
Coco Café,Cafe,+54114772-7890,"Demaría 4615, C1425APP Cdad. Autónoma de Buenos Aires",Buenos Aires,4.1,1739,http://www.cococafe.com.ar/,www.cococafe.com.ar,ChIJIQJTa3m1vJURM6pBQL0rOiE,info@cococafe.com.ar,True,False,2025-10-20T21:14:31.810338
Salón 1923,Espresso bar,+54113779-8847,"Avenida de mayo 1370 16º salón, 1085 Buenos Aires",Buenos Aires,4.1,1442,https://salon1923.com/,salon1923.com,ChIJeWn5EGTLvJURAmCtKiJ7PvQ,reservas@salon1923.com,True,False,2025-10-20T21:14:59.213038
Dashi House,Sushi restaurant,+54114066-4169,"Fitz Roy 1613, C1414CHW Cdad. Autónoma de Buenos Aires",Buenos Aires,4.1,1422,http://www.dashi.com.ar/,www.dashi.com.ar,ChIJVxG_oY21vJURfjTL4zgPkU0,"catering@dashi.com.ar, escuela@dashi.com.ar, info@dashi.com.ar, rrhh@dashi.com.ar",True,False,2025-10-20T21:15:02.626365
Artina cafe,Espresso bar,+549113785-8134,"Av. Lope de Vega 2939, C1417 Cdad. Autónoma de Buenos Aires",Buenos Aires,4.1,1030,https://artinacafe.com/,artinacafe.com,ChIJPcr1hSa3vJURkDJqN4wY0QY,argentinainfo@artincafe.com,True,False,2025-10-20T21:15:40.439877
Cielo Sky Bar,Bar,+54113985-7820,"Cielo Sky Bar, Cerrito 180 Piso 13, C1010 Cdad. Autónoma de Buenos Aires",Cdad. Autónoma de Buenos Aires,4.1,1019,https://www.hotelgrandbrizobuenosaires.com/es/gastronomia/,www.hotelgrandbrizobuenosaires.com,ChIJt3Vv7rPLvJURhOgYg2SrW_g,"cieloskybar.ba@grandbrizohoteles.com, cieloskybar.ba@grandbrizohoteles.compara, comercial.gbba@grandbrizohoteles.com, htierra.ba@grandbrizohoteles.com, reservas.ba@grandbrizohoteles.com, tierra.ba@grandbrizohoteles.com",True,False,2025-10-20T21:15:43.883872
Club Cultural Matienzo,Cultural center,+54112837-2102,"Av. Juan Bautista Justo 2959, C1414CXF Villa Crespo, Cdad. Autónoma de Buenos Aires",Villa Crespo,4.1,913,http://www.ccmatienzo.com.ar/,www.ccmatienzo.com.ar,ChIJU7cbTnrKvJURnqmP5zAI5Uo,info@ccmatienzo.com.ar,True,False,2025-10-20T21:16:01.815270
Hell´s Palermo,Pizza restaurant,+54115506-2745,"Humboldt 1654, C1414CTP Cdad. Autónoma de Buenos Aires",Buenos Aires,4.0,5866,http://www.hells-pizza.com/,www.hells-pizza.com,ChIJYbQayI21vJUR5z6BgFYb2Yk,masticar.@hellspizza.ar,True,False,2025-10-20T21:19:06.072176
Plaza Asturias,Restaurante de cocina española,+54114382-7334,"Av. de Mayo 1185, C1085 Cdad. Autónoma de Buenos Aires",Cdad. Autónoma de Buenos Aires,4.0,5177,https://plaza-asturias.com.ar/,plaza-asturias.com.ar,ChIJKfvvodrKvJURuRSd_CV8x-k,info@plaza-asturias.com.ar,True,False,2025-10-20T21:19:34.552665
Locos X El Fútbol,Sports bar,+54116879-4903,"Av. Gral. Las Heras 2101, C1127 AAD, Cdad. Autónoma de Buenos Aires, Argentina",AAD,4.0,2571,http://www.locosxelfutbol.com.ar/,www.locosxelfutbol.com.ar,ChIJzxL_faLKvJUR6sSUbWixj-M,contacto@locosxelfutbol.com.ar,True,False,2025-10-20T21:20:42.052481
"Chungo Ice Cream, Coffee and Delicatessen",Ice cream shop,+54114781-6543,"Virrey del Pino 2500, C1426 Cdad. Autónoma de Buenos Aires",Buenos Aires,4.0,1287,http://www.chungo.com.ar/,www.chungo.com.ar,ChIJ4T-mOtC1vJURjw_hD9BTXFw,"eventos@chungo.com.ar, exportacion@chungo.com.ar, rrhh@chungo.com.ar, ventas@chungo.com.ar",True,False,2025-10-20T21:22:29.011634
Bar Franklin,Bar,+54115250-3229,"5800, C1431BZT, Franklin D. Roosevelt 5748, 1431 Buenos Aires",Buenos Aires,4.0,1150,http://www.barfranklin.com.ar/,www.barfranklin.com.ar,ChIJ1whu-lq2vJUR3nif4Yc1998,info@barfranklin.com.ar,True,False,2025-10-20T21:22:37.662214
Chocorisimo Caseros,Ice cream shop,+54810-220-2000,"B1678AEP, Justo José de Urquiza 4876, B1678AEP Caseros, Provincia de Buenos Aires",Caseros,4.0,1145,http://www.chocorisimo.com/,www.chocorisimo.com,ChIJoS8ybCO4vJURbUMa-ruhdr4,"daniel@chocorisimo.com, esteban@chocorisimo.comcontactomail, franquicias@chocorisimo.com, franquicias@chocorisimo.cominternacionales, info@chocorisimo.com",True,False,2025-10-20T21:22:39.523150
Eggs & Greens Café,Health food restaurant,+54116554-8505,"Soldado de la Independencia 670, C1426 Cdad. Autónoma de Buenos Aires",Buenos Aires,4.0,430,https://eggsandgreens.com/,eggsandgreens.com,ChIJ5zfPk9m1vJURpp7za1j9NpE,info@eggsandgreens.com,True,False,2025-10-20T21:24:00.668147
La Ferneteria (Palermo Soho),Bar,,"Serrano 1349, C1414 Cdad. Autónoma de Buenos Aires, Argentina",Buenos Aires,3.9,4491,http://www.laferneteria.com/,www.laferneteria.com,ChIJWdSQvIm1vJURPz9lrNP5reQ,"eventos@laferneteria.com, rrhh@laferneteria.com, vipevents@laferneteria.com",True,False,2025-10-20T21:25:12.651508
Yolo Bar,Bar,,"Charcas 4800, C1425 BNT, Cdad. Autónoma de Buenos Aires",BNT,3.9,666,http://www.yolobar.com.ar/,www.yolobar.com.ar,ChIJAenyNIW1vJURovKGvJtWmNQ,reservas@yolobar.com.ar,True,False,2025-10-20T21:26:48.700272
Chela Karaoke,Bar,+54112398-0299,"Honduras 5309, C1176 Cdad. Autónoma de Buenos Aires",Buenos Aires,3.9,318,http://www.chelacraftbeer.com/,www.chelacraftbeer.com,ChIJK7E7G7-1vJURCHXraQdDTeo,chelacraftbeer@gmail.com,True,False,2025-10-20T21:27:07.481118
Coto Saavedra,Hypermarket,+54114544-7146,"Av. Dr. Ricardo Balbín 4027, C1430 Cdad. Autónoma de Buenos Aires",Buenos Aires,3.8,7773,http://www.coto.com.ar/?utm_source=gmb&utm_medium=organic,www.coto.com.ar,ChIJN_vZluy2vJURa34_4aY4Mq8,info@coto.com.ar,True,False,2025-10-20T21:27:45.328985
Imperial Beerhouse,Bar,+549115482-5090,"Av. del Libertador 4096, C1426 Cdad. Autónoma de Buenos Aires",Buenos Aires,3.8,681,https://www.cervezaimperial.com.ar/beerhouse-imperial,www.cervezaimperial.com.ar,ChIJz1bVPzu1vJURQpZZJ_z7kbw,privacidadccucontactanosatencionalconsumidor@ccu.com.arimperial,True,False,2025-10-20T21:29:23.947817
Todo Mundo Club,Restaurant,+54114362-2354,"Don Anselmo Aieta 1095, C1103 AAA, Cdad. Autónoma de Buenos Aires",AAA,3.6,2322,http://www.todomundosantelmo.com.ar/,www.todomundosantelmo.com.ar,ChIJTwWpTdM0o5UR48yZokW2Z_s,todomundosantelmo@gmail.com,True,False,2025-10-20T21:30:30.510946
Frere,Night club,+549116378-7964,"Olleros 1775, C1426CRE Cdad. Autónoma de Buenos Aires",Buenos Aires,3.4,368,http://www.frerebsas.com.ar/,www.frerebsas.com.ar,ChIJB2MDObi1vJUROKhMYGFwPxo,publicidadfrere@gmail.com,True,False,2025-10-20T21:31:09.851297
